id;key;name;bound_net_key;index
1;quantify multi-byte;interface Cotton Robust;58054;34080
2;Infrastructure SSL bandwidth;application Configurable iterate;53432;50525
3;navigating encoding;Fantastic Small Frozen Salad bypassing;35490;31931
4;Quality Applications Missouri;Practical Gorgeous;60244;32866
5;Danish Krone parse;neural Wooden Optimization;97424;5755
6;Austria mindshare EXE;bandwidth Liaison;68803;76151
7;Auto Loan Account Refined Practical;Centralized revolutionize International;14660;8134
8;Intelligent Planner;PCI SAS;23668;94724
9;Planner navigate repurpose;Buckinghamshire;37798;55840
10;communities National Cotton;Advanced grow;57147;5630
