id;phase;min_security;key;timestamp;name;index
1;74097;hack;payment synthesize Idaho;seize Glen Refined;Mandatory Assistant;1215
2;97790;Arizona success Sleek Frozen Chips;Gorgeous Rubber Chicken Associate Central African Republic;magenta heuristic;Credit Card Account Maryland Legacy;4544
3;91525;Usability;Regional;Generic B2B;olive;46369
4;38826;Persevering analyzing;Engineer Architect;Beauty dynamic schemas;Pound Sterling Keyboard;91092
5;7620;Usability models New Mexico;markets Accountability EXE;Chair;drive online;98727
6;98528;engage;disintermediate Assistant generating;Practical Steel Shirt Plastic Movies;SMS;81290
7;53434;parse Customer Rhode Island;Accounts navigating Ergonomic;purple User-friendly;Savings Account;22864
8;87822;calculate Fantastic Concrete Computer Baby;Kyrgyz Republic transmit;solution connecting;California PNG engage;13401
9;48004;deliverables;Credit Card Account transmitter cyan;Checking Account;seamless New York mesh;43747
10;9100;array Luxembourg Spurs;empower Home Loan Account SMS;back-end Via indexing;Business-focused Canyon Orchestrator;49261
