id;mesh_uuid;timestamp;mesh_name
1;optical deposit;Pizza Fish next-generation;23869
2;Quality Generic El Salvador Colon US Dollar;Salad;88087
3;RSS Outdoors backing up;copying;22862
4;Corporate Jewelery Tennessee;Bedfordshire Electronics asymmetric;61692
5;Designer;Concrete expedite;907
6;synthesizing Wooden;back up;54126
7;Facilitator 24/365;Sausages bypass;78880
8;Chicken bypass Paradigm;application;6735
9;Mississippi proactive Checking Account;SCSI;99014
10;Yemeni Rial Shoals deposit;navigate Movies;2212
