id;index;credentials;ttl;period;address
1;92404;48452;23611;61825;back-end Roads bypass
2;3668;14773;25243;13311;Bond Markets Units European Composite Unit (EURCO) connecting generate
3;3047;10717;86721;44741;Hungary Configurable
4;26924;73740;37728;18228;Kentucky
5;84070;21144;8920;32749;Concrete National
6;59359;47396;67910;35510;withdrawal Club Nebraska
7;73682;58684;55774;74543;architectures Cotton
8;28377;33744;36308;89964;Home Loan Account Grass-roots
9;49824;98651;33034;60577;Adaptive Intelligent Pants
10;24595;48780;16068;85081;Gorgeous
